Id,Label,timeset,Name_Chinese,Name_English,URL,indegree,number of investment events,outdegree,Degree,Eccentricity,closnesscentrality,harmonicclosnesscentrality,betweenesscentrality
1393212,Shenzhen Capital Group,,深创投,Shenzhen Capital Group,https://data.cyzone.cn/capital/1393212.html,82,464,46,128,4,0.533266,0.586484,8532.898325
1393211,IDG,,IDG资本,IDG Capital,https://data.cyzone.cn/capital/1393211.html,98,459,69,167,4,0.542564,0.60712,6710.9427
1393213,Sequoia,,红杉资本中国基金,Sequoia Capital,https://data.cyzone.cn/capital/1393213.html,97,392,66,163,4,0.539246,0.602552,6704.051654
1393333,ZhenFund,,真格基金,ZhenFund,https://data.cyzone.cn/capital/1393333.html,84,388,68,152,4,0.519646,0.585066,6171.161851
1393533,Tencent,,腾讯投资,Tencent Investment,https://data.cyzone.cn/capital/1393533.html,74,372,46,120,4,0.50622,0.562539,3900.395383
1393268,MatrixPartners,,经纬中国,MatrixPartners China,https://data.cyzone.cn/capital/1393268.html,82,347,74,156,4,0.527944,0.592785,5764.485129
1393234,Fortune,,达晨创投,Fortune Venture,https://data.cyzone.cn/capital/1393234.html,60,283,45,105,4,0.514091,0.56632,5609.562705
1395357,CCB,,建设银行,China Construction Bank,https://data.cyzone.cn/capital/1395357.html,8,283,22,30,4,0.397147,0.429742,1270.686618
3222174,Oriental Fortune,,东方富海,Oriental Fortune,https://data.cyzone.cn/capital/3222174.html,54,239,32,86,4,0.508165,0.554663,4098.315638
1393329,Sinovation,,创新工场,Sinovation Ventures,https://data.cyzone.cn/capital/1393329.html,51,238,47,98,4,0.488909,0.542376,2479.021669
1393398,K2VC,,险峰（K2VC）,K2VC,https://data.cyzone.cn/capital/1393398.html,40,231,47,87,4,0.482224,0.533239,1903.95178
3107296,CITIC,,中信证券,CITIC Securities,https://data.cyzone.cn/capital/3107296.html,34,221,20,54,5,0.424218,0.469502,2267.318744
1393679,Cowin,,同创伟业,Cowin Capital,https://data.cyzone.cn/capital/1393679.html,44,218,36,80,4,0.494393,0.536862,2509.15027
1393598,Inno Angel,,英诺天使基金,Inno Angel Fund,https://data.cyzone.cn/capital/1393598.html,50,217,39,89,4,0.480036,0.531664,3241.385033
1394692,New Margin,,联创永宣,New Margin Capital,https://data.cyzone.cn/capital/1394692.html,44,216,33,77,4,0.492093,0.535129,2928.326877
1166539,Legend,,君联资本,Legend Capital,https://data.cyzone.cn/capital/1166539.html,59,214,49,108,4,0.500947,0.551827,3127.187654
3210166,Tian Xing,,天星资本,Tianxing Capital,https://data.cyzone.cn/capital/3210166.html,32,204,21,53,4,0.456034,0.496377,1737.744104
1393577,CSC Group,,中科招商,China Science & Merchants Investment Management Group,https://data.cyzone.cn/capital/1393577.html,27,202,24,51,4,0.452524,0.491493,2610.204546
3292610,Kunwu Jiuding,,九鼎投资,Kunwu Jiuding Investment Holdings,https://data.cyzone.cn/capital/3292610.html,23,197,16,39,4,0.44342,0.478891,1426.536132
1393349,Plum,,梅花创投,Plum Ventures,https://data.cyzone.cn/capital/1393349.html,42,191,37,79,4,0.47106,0.519061,1980.451234
1395545,Zi Jin Hi-Tech,,紫金科创,Zijin Hi-Tech Venture Capital,https://data.cyzone.cn/capital/1395545.html,3,188,3,6,5,0.30091,0.314776,51.088844
1564704,Alibaba,,阿里巴巴,Alibaba Group,https://data.cyzone.cn/capital/1564704.html,35,185,13,48,4,0.451751,0.490706,456.178782
1394727,E Fund,,易方达基金,E Fund Management,https://data.cyzone.cn/capital/1394727.html,15,177,17,32,4,0.422862,0.459042,1876.740352
1393334,Shun Wei,,顺为资本,Shunwei Capital,https://data.cyzone.cn/capital/1393334.html,58,167,43,101,4,0.507678,0.559389,3054.264309
1395657,Optical Valley,,光谷人才基金,Optical Valley,https://data.cyzone.cn/capital/1395657.html,5,163,8,13,4,0.385007,0.409893,165.711123
1393266,SAIF,,赛富投资基金,SAIF Partners,https://data.cyzone.cn/capital/1393266.html,45,163,29,74,4,0.501898,0.542376,3362.945817
1397861,Haitong Kaiyuan,,海通开元,Haitong Kaiyuan,https://data.cyzone.cn/capital/1397861.html,35,162,33,68,4,0.482224,0.52426,3789.026841
1393222,Qi Ming,,启明创投,Qiming Venture Partners,https://data.cyzone.cn/capital/1393222.html,49,158,40,89,4,0.484432,0.532136,1369.973802
1405819,JD Digits,,京东数科,JD Digits,https://data.cyzone.cn/capital/1405819.html,38,149,21,59,4,0.46649,0.509137,1351.818239
1145589,Qihoo 360,,奇虎360,Qihoo 360,https://data.cyzone.cn/capital/1145589.html,19,144,16,35,4,0.450596,0.483144,487.442747
1393348,Qi Fu,,启赋资本,Qifu Corporation,https://data.cyzone.cn/capital/1393348.html,31,144,20,51,4,0.474439,0.510712,1337.936336
1395888,Zhong Lu,,中路资本,Zhonglu Capital,https://data.cyzone.cn/capital/1395888.html,12,140,10,22,4,0.419841,0.448645,374.842068
1393423,Tisiwi,,天使湾创投,Tisiwi Capital,https://data.cyzone.cn/capital/1393423.html,14,139,19,33,4,0.429035,0.465186,998.867223
1393218,Northern Light,,北极光创投,Northern Light Venture Capital,https://data.cyzone.cn/capital/1393218.html,41,139,44,85,4,0.489362,0.540013,2081.419684
1393220,De Tong,,德同资本,DT Capital Partners,https://data.cyzone.cn/capital/1393220.html,32,139,38,70,4,0.485321,0.528513,2423.957599
1393352,Addor,,毅达资本,Addor Capital,https://data.cyzone.cn/capital/1393352.html,30,138,21,51,3,0.47359,0.509767,1961.281549
1393267,Green Pine,,松禾资本,Green Pine Capital Partners,https://data.cyzone.cn/capital/1393267.html,31,134,28,59,4,0.483105,0.520479,1791.597338
1393734,Pegasus,,飞马旅,Pegasus Group,https://data.cyzone.cn/capital/1393734.html,7,132,10,17,5,0.40167,0.429805,120.712466
1394605,Ping An,,平安创投,Ping An Ventures,https://data.cyzone.cn/capital/1394605.html,21,128,27,48,4,0.47148,0.507561,1781.929421
1393476,Qing Song,,青松基金,Qing Song Fund,https://data.cyzone.cn/capital/1393476.html,25,127,16,41,4,0.44342,0.482042,1183.086473
1393539,Meridian,,华映资本,Meridian Capital,https://data.cyzone.cn/capital/1393539.html,25,126,17,42,4,0.452911,0.488185,641.701338
1393564,Weibo,,新浪微博基金,Weibo Ventures,https://data.cyzone.cn/capital/1393564.html,13,124,18,31,4,0.433962,0.467391,261.555025
1393422,Unity,,九合创投,Unity Ventures,https://data.cyzone.cn/capital/1393422.html,27,124,34,61,4,0.464851,0.508979,1492.659178
1397109,China Life Insurance,,中国人寿,China Life Insurance,https://data.cyzone.cn/capital/1397109.html,9,122,8,17,4,0.381949,0.408475,260.554036
1393344,China Growth,,华创资本,China Growth Capital,https://data.cyzone.cn/capital/1393344.html,32,121,36,68,4,0.464851,0.510397,1483.6585
1393215,SIG,,SIG海纳亚洲创投基金,SIG China,https://data.cyzone.cn/capital/1393215.html,34,118,31,65,4,0.455642,0.500945,647.045187
1393854,CICC,,中金公司,CICC,https://data.cyzone.cn/capital/1393854.html,20,117,15,35,5,0.433962,0.468557,1164.834023
1393210,Softbank,,软银中国,Softbank China,https://data.cyzone.cn/capital/1393210.html,28,116,34,62,4,0.474439,0.515595,1221.481718
1394859,,,中科创星,,https://data.cyzone.cn/capital/1394859.html,16,116,16,32,4,0.426269,0.461878,658.307917
3118463,,,国泰君安,,https://data.cyzone.cn/capital/3118463.html,22,114,28,50,4,0.451751,0.493069,1864.394016
1564729,,,小米科技,,https://data.cyzone.cn/capital/1564729.html,27,114,22,49,4,0.462413,0.49874,529.348663
1153999,,,星河互联,,https://data.cyzone.cn/capital/1153999.html,6,113,5,11,5,0.360354,0.382451,89.515611
1393358,,,高榕资本,,https://data.cyzone.cn/capital/1393358.html,32,113,38,70,4,0.480036,0.523157,1051.113117
1397168,,,华泰证券,,https://data.cyzone.cn/capital/1397168.html,14,112,12,26,4,0.40976,0.441084,382.260843
1394008,,,广发信德,,https://data.cyzone.cn/capital/1394008.html,28,111,20,48,4,0.464035,0.501103,1501.388682
1396163,,,晨兴资本,,https://data.cyzone.cn/capital/1396163.html,40,110,49,89,4,0.480036,0.530718,1312.72017
1393342,,,联想之星,,https://data.cyzone.cn/capital/1393342.html,32,109,32,64,4,0.468142,0.512917,1747.349201
1393470,,,基石资本,,https://data.cyzone.cn/capital/1393470.html,25,107,18,43,4,0.470222,0.504253,1099.854654
1393226,,,金沙江创投,,https://data.cyzone.cn/capital/1393226.html,27,105,28,55,4,0.457217,0.497795,723.01585
1397826,,,东方证券,,https://data.cyzone.cn/capital/1397826.html,27,105,28,55,4,0.442308,0.484877,1466.335627
1393318,,,赛伯乐投资,,https://data.cyzone.cn/capital/1393318.html,11,104,16,27,4,0.421178,0.453529,471.055227
1394320,,,和君资本,,https://data.cyzone.cn/capital/1394320.html,14,104,18,32,5,0.440466,0.472023,700.113411
1395970,,,创东方投资,,https://data.cyzone.cn/capital/1395970.html,21,100,15,36,4,0.455642,0.488815,2398.205466
1395402,,,宁波天使投资引导基金,,https://data.cyzone.cn/capital/1395402.html,8,100,10,18,4,0.382225,0.410681,262.435827
1502982,,,蚂蚁金服,,https://data.cyzone.cn/capital/1502982.html,23,98,10,33,4,0.440833,0.47511,713.109682
1395917,,,金石投资,,https://data.cyzone.cn/capital/1395917.html,34,97,15,49,4,0.4596,0.499685,2104.099078
1395652,,,合力投资,,https://data.cyzone.cn/capital/1395652.html,18,97,28,46,4,0.456822,0.496849,1324.345793
1393343,,,高瓴资本,,https://data.cyzone.cn/capital/1393343.html,42,96,23,65,4,0.476577,0.516698,1495.118701
1393650,,,天图投资,,https://data.cyzone.cn/capital/1393650.html,23,96,14,37,4,0.448685,0.481569,461.797517
1395187,,,华盖资本,,https://data.cyzone.cn/capital/1395187.html,29,95,15,44,4,0.458803,0.495904,2162.586927
1394150,,,普华资本,,https://data.cyzone.cn/capital/1394150.html,11,95,26,37,4,0.444538,0.480466,818.901879
1393216,,,鼎晖投资,,https://data.cyzone.cn/capital/1393216.html,32,95,26,58,4,0.470641,0.509609,917.211045
1394723,,,启迪之星,,https://data.cyzone.cn/capital/1394723.html,13,94,14,27,4,0.413281,0.446755,557.711435
1393525,,,涌铧投资,,https://data.cyzone.cn/capital/1393525.html,21,93,32,53,4,0.477868,0.514335,1698.867069
1394665,,,分享投资,,https://data.cyzone.cn/capital/1394665.html,16,91,24,40,4,0.45098,0.48661,812.157012
1393420,,,挚信资本,,https://data.cyzone.cn/capital/1393420.html,21,89,16,37,4,0.43219,0.468809,200.159893
1393617,,,苏河汇,,https://data.cyzone.cn/capital/1393617.html,7,87,7,14,5,0.355511,0.377977,313.874643
1393550,,,信中利资本,,https://data.cyzone.cn/capital/1393550.html,29,87,20,49,4,0.472744,0.508034,1392.800931
1393332,,,德迅投资,,https://data.cyzone.cn/capital/1393332.html,7,86,8,15,4,0.390118,0.416824,79.217085
1394626,,,峰瑞资本,,https://data.cyzone.cn/capital/1394626.html,22,86,32,54,4,0.462009,0.502678,1141.434199
1407911,,,浙商创投,,https://data.cyzone.cn/capital/1407911.html,17,86,16,33,4,0.441569,0.472905,336.126997
1393232,,,GGV纪源资本,,https://data.cyzone.cn/capital/1393232.html,35,85,27,62,4,0.460801,0.503938,499.249237
1393578,,,朗玛峰创投,,https://data.cyzone.cn/capital/1393578.html,13,84,12,25,4,0.426613,0.457467,246.813826
1403770,,,农银国际,,https://data.cyzone.cn/capital/1403770.html,9,84,14,23,5,0.383611,0.413579,784.674849
1402910,,,力合创投,,https://data.cyzone.cn/capital/1402910.html,13,83,12,25,4,0.405054,0.43683,1000.684372
1399262,,,中国风险投资,,https://data.cyzone.cn/capital/1399262.html,14,82,21,35,4,0.431485,0.465501,604.340964
3011593,,,国开发展基金,,https://data.cyzone.cn/capital/3011593.html,3,82,5,8,5,0.317718,0.334152,427.793951
1393240,,,戈壁创投,,https://data.cyzone.cn/capital/1393240.html,19,81,30,49,4,0.447547,0.487555,1006.432726
1395741,,,湖北高投,,https://data.cyzone.cn/capital/1395741.html,6,81,6,12,5,0.393016,0.417045,282.961794
3230293,,,兴业证券,,https://data.cyzone.cn/capital/3230293.html,12,80,17,29,5,0.389543,0.421613,497.486298
1394549,,,丰厚资本,,https://data.cyzone.cn/capital/1394549.html,12,80,24,36,4,0.446791,0.479679,832.148677
1408382,,,阿米巴资本,,https://data.cyzone.cn/capital/1408382.html,15,80,18,33,4,0.421514,0.458255,381.267127
1395555,,,东湖创投,,https://data.cyzone.cn/capital/1395555.html,8,79,10,18,4,0.398343,0.425961,451.067831
1393248,,,蓝驰创投,,https://data.cyzone.cn/capital/1393248.html,24,78,25,49,4,0.456428,0.495747,526.412875
3536109,,,粤科金融,,https://data.cyzone.cn/capital/3536109.html,9,77,9,18,4,0.40661,0.433995,206.990957
1403403,,,坚果资本,,https://data.cyzone.cn/capital/1403403.html,6,77,11,17,4,0.405986,0.433837,241.145355
1394537,,,银杏谷资本,,https://data.cyzone.cn/capital/1394537.html,14,77,20,34,4,0.417852,0.452899,576.863021
1393347,,,源码资本,,https://data.cyzone.cn/capital/1393347.html,27,76,36,63,4,0.451365,0.493856,561.798332
3024195,,,元禾控股,,https://data.cyzone.cn/capital/3024195.html,12,76,9,21,5,0.404434,0.434531,204.152379
1393231,,,招商局资本,,https://data.cyzone.cn/capital/1393231.html,19,75,12,31,5,0.43864,0.473125,1164.020783
1393538,,,百度投资并购部,,https://data.cyzone.cn/capital/1393538.html,22,75,14,36,4,0.442678,0.47574,630.19315
1401284,,,国中创投,,https://data.cyzone.cn/capital/1401284.html,23,75,15,38,4,0.449448,0.485192,728.789569
1151722,,,好未来战略投资部,,https://data.cyzone.cn/capital/1151722.html,18,74,15,33,4,0.432897,0.466761,290.174109
1393421,,,PreAngel,,https://data.cyzone.cn/capital/1393421.html,13,73,14,27,4,0.411673,0.443762,217.656417
3536658,,,申万宏源证券,,https://data.cyzone.cn/capital/3536658.html,12,73,18,30,4,0.390406,0.424701,576.570828
1393305,,,CBC宽带资本,,https://data.cyzone.cn/capital/1393305.html,32,71,19,51,4,0.466902,0.50189,708.528877
1393296,,,天堂硅谷,,https://data.cyzone.cn/capital/1393296.html,17,71,12,29,4,0.415881,0.449118,718.527041
1395616,,,勤桦投资,,https://data.cyzone.cn/capital/1395616.html,2,71,5,7,4,0.352902,0.369723,7.989793
3536410,,,华睿投资,,https://data.cyzone.cn/capital/3536410.html,15,70,11,26,4,0.416864,0.448803,396.948243
1395273,,,凯泰资本,,https://data.cyzone.cn/capital/1395273.html,9,69,2,11,4,0.374381,0.397921,297.431561
3536333,,,国金投资,,https://data.cyzone.cn/capital/3536333.html,8,69,18,26,4,0.411994,0.445022,236.520544
1395491,,,西科天使基金,,https://data.cyzone.cn/capital/1395491.html,7,68,7,14,4,0.374646,0.398393,100.86416
1393448,,,老鹰基金,,https://data.cyzone.cn/capital/1393448.html,9,68,25,34,4,0.427648,0.464241,595.540365
1398062,,,天风天睿,,https://data.cyzone.cn/capital/1398062.html,13,67,12,25,4,0.426613,0.457152,285.785838
1395215,,,清控银杏,,https://data.cyzone.cn/capital/1395215.html,18,67,15,33,4,0.439734,0.47448,745.667531
1394555,,,景林投资,,https://data.cyzone.cn/capital/1394555.html,23,67,21,44,4,0.462009,0.495904,985.174307
1564736,,,科大讯飞,,https://data.cyzone.cn/capital/1564736.html,5,67,9,14,4,0.410078,0.436043,145.504977
3011820,,,国资管理中心,,https://data.cyzone.cn/capital/3011820.html,5,66,3,8,5,0.334176,0.350945,35.331803
1395395,,,娱乐工场,,https://data.cyzone.cn/capital/1395395.html,14,66,19,33,4,0.430081,0.465028,316.398227
1403914,,,合肥高投,,https://data.cyzone.cn/capital/1403914.html,2,66,5,7,5,0.348945,0.36569,12.654711
1395544,,,国投集团,,https://data.cyzone.cn/capital/1395544.html,10,65,10,20,4,0.398343,0.426906,405.569652
3536501,,,金浦投资,,https://data.cyzone.cn/capital/3536501.html,12,65,17,29,4,0.423878,0.458255,506.496326
3023968,,,银河证券,,https://data.cyzone.cn/capital/3023968.html,12,64,10,22,5,0.375444,0.40523,458.121619
1393235,,,DCM中国,,https://data.cyzone.cn/capital/1393235.html,33,63,23,56,4,0.446414,0.489445,475.134931
1395325,,,联想创投,,https://data.cyzone.cn/capital/1395325.html,18,63,23,41,4,0.449448,0.486452,660.84785
3536672,,,时代伯乐,,https://data.cyzone.cn/capital/3536672.html,10,62,8,18,5,0.393894,0.421613,177.235709
1393986,,,泽厚资本,,https://data.cyzone.cn/capital/1393986.html,7,61,10,17,4,0.391852,0.42029,571.312557
1393269,,,策源创投,,https://data.cyzone.cn/capital/1393269.html,22,61,23,45,4,0.451365,0.48913,371.48285
1510218,,,盈动资本,,https://data.cyzone.cn/capital/1510218.html,12,61,16,28,4,0.432543,0.464713,291.176758
1394781,,,元禾原点,,https://data.cyzone.cn/capital/1394781.html,18,61,21,39,4,0.436109,0.475425,644.4036
1401878,,,苏州高新创投,,https://data.cyzone.cn/capital/1401878.html,5,61,8,13,4,0.367106,0.388469,73.810798
1396059,,,华平投资,,https://data.cyzone.cn/capital/1396059.html,17,61,10,27,4,0.416535,0.448803,215.044732
3262829,,,中欧基金,,https://data.cyzone.cn/capital/3262829.html,6,60,7,13,5,0.369672,0.39247,144.189149
1393643,,,复星锐正资本,,https://data.cyzone.cn/capital/1393643.html,22,60,10,32,4,0.43719,0.471487,285.136323
1393449,,,明势资本,,https://data.cyzone.cn/capital/1393449.html,13,59,34,47,4,0.4401,0.480624,885.355861
1393242,,,光速中国,,https://data.cyzone.cn/capital/1393242.html,24,59,27,51,4,0.447925,0.48913,379.789836
3600114,,,清科创投,,https://data.cyzone.cn/capital/3600114.html,24,59,25,49,4,0.465259,0.500788,778.828287
3536155,,,中关村发展集团,,https://data.cyzone.cn/capital/3536155.html,9,59,7,16,5,0.384448,0.410744,373.566925
1395808,,,如山资本,,https://data.cyzone.cn/capital/1395808.html,18,59,12,30,4,0.433962,0.465343,389.894727
1166501,,,盛大集团,,https://data.cyzone.cn/capital/1166501.html,4,58,7,11,5,0.386979,0.411059,9.701236
3007147,,,远致投资,,https://data.cyzone.cn/capital/3007147.html,6,57,6,12,5,0.37175,0.39373,64.564996
1183485,,,红星美凯龙,,https://data.cyzone.cn/capital/1183485.html,4,57,6,10,5,0.368128,0.389635,54.247201
3020011,,,头头是道投资基金,,https://data.cyzone.cn/capital/3020011.html,17,57,6,23,4,0.420509,0.451638,159.264469
3532908,,,国信证券,,https://data.cyzone.cn/capital/3532908.html,18,57,17,35,4,0.425241,0.461878,611.266781
3019771,,,天使投资人薛蛮子,,https://data.cyzone.cn/capital/3019771.html,7,56,22,29,4,0.424559,0.458885,296.857056
1401406,,,国科投资,,https://data.cyzone.cn/capital/1401406.html,12,56,10,22,4,0.4249,0.454159,234.685396
1393338,,,高特佳,,https://data.cyzone.cn/capital/1393338.html,13,56,6,19,4,0.416535,0.445495,423.074505
1398231,,,盛景嘉成,,https://data.cyzone.cn/capital/1398231.html,15,55,18,33,4,0.439734,0.472905,477.138072
1393477,,,云锋基金,,https://data.cyzone.cn/capital/1393477.html,29,55,13,42,4,0.437914,0.476371,649.071783
1407908,,,新进创投,,https://data.cyzone.cn/capital/1407908.html,5,55,3,8,5,0.350563,0.368998,190.485893
1397914,,,广州基金,,https://data.cyzone.cn/capital/1397914.html,5,54,10,15,5,0.384448,0.409798,189.894119
1393474,,,常春藤资本,,https://data.cyzone.cn/capital/1393474.html,17,54,14,31,4,0.439004,0.471014,716.316955
3010815,,,复星集团,,https://data.cyzone.cn/capital/3010815.html,16,54,13,29,4,0.439734,0.47133,419.121825
1393531,,,达泰资本,,https://data.cyzone.cn/capital/1393531.html,11,54,13,24,4,0.411673,0.442502,211.485694
1394843,,,集素资本,,https://data.cyzone.cn/capital/1394843.html,5,54,7,12,4,0.367872,0.390989,281.644631
3005529,,,海尔资本,,https://data.cyzone.cn/capital/3005529.html,10,53,11,21,4,0.426613,0.454946,336.004559
3536857,,,隆领投资,,https://data.cyzone.cn/capital/3536857.html,12,53,14,26,4,0.416535,0.448803,272.510057
3247180,,,中国信达,,https://data.cyzone.cn/capital/3247180.html,5,52,11,16,5,0.357432,0.379931,200.040223
1401101,,,成都高投,,https://data.cyzone.cn/capital/1401101.html,5,51,3,8,4,0.382502,0.403907,100.951962
1396532,,,中信产业基金,,https://data.cyzone.cn/capital/1396532.html,9,51,13,22,4,0.427648,0.455892,313.202033
1403316,,,合肥创投,,https://data.cyzone.cn/capital/1403316.html,2,51,5,7,4,0.374646,0.39414,29.142738
1188369,,,中国长城资产,,https://data.cyzone.cn/capital/1188369.html,8,51,7,15,4,0.352197,0.372558,352.868124
3306382,,,长安信托,,https://data.cyzone.cn/capital/3306382.html,4,51,1,5,5,0.296193,0.311122,7.375411
3019567,,,泰有基金,,https://data.cyzone.cn/capital/3019567.html,13,50,14,27,4,0.407864,0.439509,496.251065
3277379,,,鲁信创投,,https://data.cyzone.cn/capital/3277379.html,5,50,8,13,5,0.387546,0.413106,318.265262
1393345,,,线性资本,,https://data.cyzone.cn/capital/1393345.html,19,50,22,41,4,0.446037,0.482987,787.580358
1394063,,,暾澜投资,,https://data.cyzone.cn/capital/1394063.html,10,50,14,24,4,0.390406,0.419187,290.836592
1403212,,,浙数文化,,https://data.cyzone.cn/capital/1403212.html,1,49,5,6,5,0.361833,0.380655,1.06456
1171101,,,蓝色光标,,https://data.cyzone.cn/capital/1171101.html,5,49,4,9,4,0.389257,0.411941,15.200388
1394683,,,元璟资本,,https://data.cyzone.cn/capital/1394683.html,27,49,22,49,4,0.447925,0.486767,566.165641
1393442,,,成为资本,,https://data.cyzone.cn/capital/1393442.html,21,49,17,38,4,0.430431,0.466919,155.834675
1393691,,,五岳资本,,https://data.cyzone.cn/capital/1393691.html,9,49,13,22,4,0.40881,0.439981,60.303119
1394153,,,国科嘉和,,https://data.cyzone.cn/capital/1394153.html,15,48,16,31,4,0.446037,0.47574,228.885156
1397158,,,中兴创投,,https://data.cyzone.cn/capital/1397158.html,11,48,8,19,5,0.411994,0.440359,666.426392
1394951,,,华耀资本,,https://data.cyzone.cn/capital/1394951.html,2,48,4,6,4,0.35695,0.375709,8.249243
3021676,,,星辉互动娱乐,,https://data.cyzone.cn/capital/3021676.html,2,48,2,4,5,0.330212,0.345778,1.986593
3536499,,,金茂投资,,https://data.cyzone.cn/capital/3536499.html,2,48,7,9,4,0.388399,0.410523,34.385671
1394565,,,极客帮创投,,https://data.cyzone.cn/capital/1394565.html,14,48,12,26,4,0.411353,0.443919,171.659947
1395890,,,贝塔斯曼亚洲投资基金,,https://data.cyzone.cn/capital/1395890.html,26,48,26,52,4,0.449448,0.488815,287.590546
1395269,,,高新创投,,https://data.cyzone.cn/capital/1395269.html,8,48,4,12,5,0.343061,0.362539,501.969059
1399619,,,鼎锋资产,,https://data.cyzone.cn/capital/1399619.html,12,47,16,28,4,0.420175,0.452426,584.326819
1393833,,,易一天使,,https://data.cyzone.cn/capital/1393833.html,6,47,9,15,4,0.366597,0.391619,108.430669
1194818,,,哔哩哔哩,,https://data.cyzone.cn/capital/1194818.html,1,47,6,7,5,0.352667,0.372306,3.487075
1395472,,,微影资本,,https://data.cyzone.cn/capital/1395472.html,13,46,8,21,4,0.421178,0.450536,66.054341
3234855,,,广发证券,,https://data.cyzone.cn/capital/3234855.html,11,46,14,25,5,0.380029,0.411437,196.009159
1399418,,,光大控股,,https://data.cyzone.cn/capital/1399418.html,10,46,13,23,4,0.414577,0.443604,238.52074
1137979,,,字节跳动,,https://data.cyzone.cn/capital/1137979.html,2,46,3,5,5,0.333544,0.349023,2.237089
1394590,,,光线传媒,,https://data.cyzone.cn/capital/1394590.html,12,46,5,17,4,0.406923,0.433207,119.619732
1400322,,,国发创投,,https://data.cyzone.cn/capital/1400322.html,10,45,14,24,4,0.400151,0.430844,627.514453
1135856,,,复星医药,,https://data.cyzone.cn/capital/1135856.html,12,45,4,16,5,0.411673,0.437839,198.568279
1394587,,,紫辉创投,,https://data.cyzone.cn/capital/1394587.html,4,45,13,17,4,0.401366,0.429269,164.172475
1394562,,,泰岳梧桐资本,,https://data.cyzone.cn/capital/1394562.html,11,45,2,13,5,0.383333,0.409483,159.512866
1393430,,,心元资本,,https://data.cyzone.cn/capital/1393430.html,3,44,8,11,4,0.375177,0.399496,203.286394
1393523,,,信天创投,,https://data.cyzone.cn/capital/1393523.html,5,44,12,17,4,0.402281,0.431474,502.007078
1394674,,,帮实资本,,https://data.cyzone.cn/capital/1394674.html,5,44,7,12,4,0.349868,0.370195,44.476108
1402325,,,深圳高新投,,https://data.cyzone.cn/capital/1402325.html,9,44,8,17,4,0.381674,0.405482,85.427155
1393724,,,磐谷创投,,https://data.cyzone.cn/capital/1393724.html,9,44,10,19,4,0.399547,0.428954,140.892388
1395624,,,弘道资本,,https://data.cyzone.cn/capital/1395624.html,14,43,14,28,4,0.43219,0.464398,289.787572
3019687,,,天九投资,,https://data.cyzone.cn/capital/3019687.html,2,43,2,4,5,0.337803,0.349937,6.112722
1398704,,,盈科资本,,https://data.cyzone.cn/capital/1398704.html,7,43,4,11,5,0.361092,0.382231,42.136937
1395671,,,凯风创投,,https://data.cyzone.cn/capital/1395671.html,11,43,9,20,4,0.393894,0.422653,232.51027
1393683,,,春晓资本（停止运营）,,https://data.cyzone.cn/capital/1393683.html,9,43,9,18,4,0.399547,0.428954,113.452185
1396642,,,唯猎资本,,https://data.cyzone.cn/capital/1396642.html,5,43,16,21,4,0.391562,0.421393,185.039125
1394617,,,蓝象资本,,https://data.cyzone.cn/capital/1394617.html,6,43,7,13,4,0.383333,0.409263,23.77302
1394836,,,聚秀资本,,https://data.cyzone.cn/capital/1394836.html,2,43,2,4,6,0.235111,0.241462,0
1393792,,,安芙兰资本,,https://data.cyzone.cn/capital/1393792.html,6,43,8,14,4,0.397147,0.423125,94.199045
1400569,,,招商证券,,https://data.cyzone.cn/capital/1400569.html,8,42,18,26,5,0.384448,0.416415,250.863189
1393469,,,上海创丰创业投资管理有限公司,,https://data.cyzone.cn/capital/1393469.html,3,41,4,7,5,0.355989,0.374638,14.56984
3536668,,,盛世景,,https://data.cyzone.cn/capital/3536668.html,13,41,8,21,4,0.398044,0.427064,329.217198
1401030,,,伽利略资本,,https://data.cyzone.cn/capital/1401030.html,14,41,15,29,4,0.42185,0.455104,789.346935
1393228,,,英特尔资本,,https://data.cyzone.cn/capital/1393228.html,10,41,6,16,4,0.415881,0.442344,55.411713
1401488,,,TCL创投,,https://data.cyzone.cn/capital/1401488.html,5,41,13,18,4,0.411994,0.439824,224.281683
1180965,,,中泰证券,,https://data.cyzone.cn/capital/1180965.html,6,40,12,18,4,0.384168,0.410365,219.045484
1395283,,,银江智慧产业基金,,https://data.cyzone.cn/capital/1395283.html,4,39,7,11,5,0.350331,0.369943,49.315456
1398118,,,中航信托,,https://data.cyzone.cn/capital/1398118.html,4,39,2,6,5,0.340631,0.357845,46.952816
3235252,,,东北证券,,https://data.cyzone.cn/capital/3235252.html,11,39,6,17,5,0.362826,0.387492,70.247644
1403059,,,硅谷天堂,,https://data.cyzone.cn/capital/1403059.html,6,39,7,13,4,0.388685,0.412728,69.729327
1404731,,,招银国际资本,,https://data.cyzone.cn/capital/1404731.html,11,39,8,19,4,0.398044,0.426906,250.668352
1393554,,,亚商资本,,https://data.cyzone.cn/capital/1393554.html,6,39,12,18,4,0.404744,0.432735,224.070315
1393486,,,熊猫资本,,https://data.cyzone.cn/capital/1393486.html,12,39,7,19,4,0.405675,0.436043,62.22104
1393660,,,力鼎投资,,https://data.cyzone.cn/capital/1393660.html,9,38,7,16,4,0.38585,0.412413,397.854517
1399818,,,清研资本,,https://data.cyzone.cn/capital/1399818.html,6,38,10,16,5,0.375444,0.401607,246.919643
1393545,,,国富源投资,,https://data.cyzone.cn/capital/1393545.html,4,38,3,7,5,0.361092,0.380183,49.46911
1564713,,,携程,,https://data.cyzone.cn/capital/1564713.html,5,38,3,8,5,0.350331,0.369376,6.13861
1393495,,,赛马资本,,https://data.cyzone.cn/capital/1393495.html,2,38,4,6,5,0.34107,0.357561,46.638627
1401620,,,海丰至诚,,https://data.cyzone.cn/capital/1401620.html,4,38,3,7,5,0.349868,0.368336,18.600312
3014888,,,金沙江联合资本,,https://data.cyzone.cn/capital/3014888.html,16,38,7,23,4,0.415881,0.447543,305.570855
3005682,,,58同城,,https://data.cyzone.cn/capital/3005682.html,10,38,9,19,4,0.414902,0.443604,21.885382
1393297,,,优势资本,,https://data.cyzone.cn/capital/1393297.html,3,38,18,21,4,0.425583,0.453844,770.064302
1395704,,,前海母基金,,https://data.cyzone.cn/capital/1395704.html,13,38,25,38,4,0.4401,0.477001,712.151014
1393326,,,祥峰投资,,https://data.cyzone.cn/capital/1393326.html,25,38,15,40,4,0.452524,0.488658,426.024239
1131889,,,紫光集团,,https://data.cyzone.cn/capital/1131889.html,3,37,5,8,5,0.342839,0.359263,43.541587
3010876,,,富坤创投,,https://data.cyzone.cn/capital/3010876.html,5,37,10,15,5,0.404434,0.42949,61.511256
1393524,,,小村资本,,https://data.cyzone.cn/capital/1393524.html,8,37,6,14,4,0.38783,0.413516,101.033741
1192027,,,天风证券,,https://data.cyzone.cn/capital/1192027.html,12,37,17,29,4,0.388685,0.42155,283.016754
1394681,,,道生投资,,https://data.cyzone.cn/capital/1394681.html,7,37,11,18,4,0.400151,0.429269,115.142141
3006424,,,奥飞娱乐,,https://data.cyzone.cn/capital/3006424.html,8,37,7,15,4,0.404434,0.430529,140.168075
3008187,,,中国宝武,,https://data.cyzone.cn/capital/3008187.html,4,37,4,8,5,0.3363,0.35252,61.033993
1400711,,,国信弘盛,,https://data.cyzone.cn/capital/1400711.html,10,37,9,19,4,0.399547,0.427379,188.326301
3020910,,,孝昌水木投资,,https://data.cyzone.cn/capital/3020910.html,11,37,5,16,5,0.376245,0.403182,129.784643
3006160,,,凯鹏华盈,,https://data.cyzone.cn/capital/3006160.html,12,37,16,28,4,0.430782,0.462508,110.075087
1394897,,,海航资本,,https://data.cyzone.cn/capital/1394897.html,4,36,4,8,5,0.377049,0.396723,1.831022
1393561,,,华瓯创投,,https://data.cyzone.cn/capital/1393561.html,9,36,8,17,4,0.40167,0.429584,123.290458
1393509,,,长江国弘投资,,https://data.cyzone.cn/capital/1393509.html,5,36,4,9,4,0.374911,0.39666,141.384486
3240091,,,中信资本,,https://data.cyzone.cn/capital/3240091.html,13,36,12,25,5,0.42185,0.453907,299.473902
1396488,,,君盛投资,,https://data.cyzone.cn/capital/1396488.html,5,36,13,18,5,0.422862,0.450756,215.221598
1402050,,,华兴创投,,https://data.cyzone.cn/capital/1402050.html,2,36,7,9,5,0.369156,0.389477,33.065978
1399155,,,劲邦资本,,https://data.cyzone.cn/capital/1399155.html,1,36,5,6,5,0.327149,0.341336,91.298751
1393543,,,纽信创投,,https://data.cyzone.cn/capital/1393543.html,6,36,8,14,4,0.394188,0.42155,58.440554
1394848,,,星火金融,,https://data.cyzone.cn/capital/1394848.html,5,36,1,6,5,0.316766,0.330655,18.456402
1395552,,,浩方创投,,https://data.cyzone.cn/capital/1395552.html,7,36,11,18,5,0.388685,0.41673,243.358619
3536166,,,中国航天科工,,https://data.cyzone.cn/capital/3536166.html,4,36,6,10,5,0.377587,0.400662,37.778112
1136387,,,天使汇,,https://data.cyzone.cn/capital/1136387.html,11,35,15,26,4,0.402894,0.434783,561.473655
1394896,,,点亮资本,,https://data.cyzone.cn/capital/1394896.html,1,35,7,8,5,0.340412,0.357372,26.082296
3536489,,,今日资本,,https://data.cyzone.cn/capital/3536489.html,11,35,7,18,4,0.405986,0.43431,36.41803
1393351,,,清流资本,,https://data.cyzone.cn/capital/1393351.html,12,35,13,25,4,0.419508,0.451481,582.001076
1402013,,,科发资本,,https://data.cyzone.cn/capital/1402013.html,10,35,9,19,4,0.380302,0.407372,495.18197
1394640,,,创势资本,,https://data.cyzone.cn/capital/1394640.html,4,35,5,9,4,0.369413,0.390359,47.129153
1395666,,,上海联和投资,,https://data.cyzone.cn/capital/1395666.html,5,35,3,8,5,0.316577,0.331979,22.838787
1393800,,,湖畔山南资本,,https://data.cyzone.cn/capital/1393800.html,6,35,7,13,4,0.390694,0.416982,72.808414
1393513,,,黑马基金,,https://data.cyzone.cn/capital/1393513.html,8,35,13,21,4,0.395366,0.425646,176.320325
3235719,,,光大银行,,https://data.cyzone.cn/capital/3235719.html,1,35,3,4,5,0.299208,0.311059,8.632437
1395547,,,领汇投资,,https://data.cyzone.cn/capital/1395547.html,6,35,8,14,4,0.38783,0.413201,184.444839
3107947,,,广州证券,,https://data.cyzone.cn/capital/3107947.html,8,34,7,15,5,0.354083,0.37719,84.356371
1394536,,,中兴合创,,https://data.cyzone.cn/capital/1394536.html,6,34,5,11,4,0.375444,0.398708,36.4066
1393491,,,众海投资,,https://data.cyzone.cn/capital/1393491.html,4,34,5,9,4,0.385288,0.40816,13.152627
1400444,,,十维资本,,https://data.cyzone.cn/capital/1400444.html,8,34,7,15,4,0.381399,0.407057,182.406646
1394861,,,张江火炬创投,,https://data.cyzone.cn/capital/1394861.html,1,34,7,8,4,0.370708,0.390989,18.040159
1403371,,,广发乾和,,https://data.cyzone.cn/capital/1403371.html,8,34,6,14,5,0.402894,0.428544,85.932212
3007642,,,浙科投资,,https://data.cyzone.cn/capital/3007642.html,4,34,8,12,4,0.369672,0.390674,112.287784
1393549,,,原子创投,,https://data.cyzone.cn/capital/1393549.html,6,34,9,15,4,0.386131,0.413674,42.868692
1410156,,,建银国际,,https://data.cyzone.cn/capital/1410156.html,12,34,7,19,4,0.405364,0.43431,594.809671
1395731,,,源星资本,,https://data.cyzone.cn/capital/1395731.html,16,34,9,25,4,0.425583,0.456207,169.562804
1399798,,,寒武创投,,https://data.cyzone.cn/capital/1399798.html,6,34,9,15,4,0.383056,0.41005,251.054001
1394826,,,天创资本,,https://data.cyzone.cn/capital/1394826.html,5,34,4,9,5,0.391272,0.412949,444.973884
1395276,,,火山石资本,,https://data.cyzone.cn/capital/1395276.html,25,34,19,44,4,0.446037,0.48598,631.549539
1393846,,,弘晖资本,,https://data.cyzone.cn/capital/1393846.html,8,33,13,21,4,0.414252,0.444707,217.712287
1394842,,,安赐资产管理有限公司,,https://data.cyzone.cn/capital/1394842.html,6,33,5,11,4,0.364828,0.386894,106.961507
1398826,,,浙江金控资本,,https://data.cyzone.cn/capital/1398826.html,3,33,4,7,5,0.362826,0.380813,29.28065
3219104,,,中国华融,,https://data.cyzone.cn/capital/3219104.html,4,33,6,10,5,0.317337,0.335098,7.725485
1160572,,,乐视音乐,,https://data.cyzone.cn/capital/1160572.html,9,33,5,14,4,0.393894,0.420447,34.509838
1403383,,,中融鼎新,,https://data.cyzone.cn/capital/1403383.html,5,33,9,14,5,0.405675,0.431537,77.00501
1393433,,,龙翌资本,,https://data.cyzone.cn/capital/1393433.html,2,33,5,7,5,0.329185,0.34477,5.299361
1395974,,,清控科创控股,,https://data.cyzone.cn/capital/1395974.html,7,33,7,14,4,0.396552,0.423283,92.378305
1163093,,,长江证券,,https://data.cyzone.cn/capital/1163093.html,9,33,11,20,5,0.368384,0.396408,94.955079
3107535,,,中原证券,,https://data.cyzone.cn/capital/3107535.html,6,33,6,12,5,0.351029,0.372464,121.055883
1401872,,,招商启航资本,,https://data.cyzone.cn/capital/1401872.html,2,33,3,5,5,0.322168,0.3362,15.161466
1397145,,,磐石资本,,https://data.cyzone.cn/capital/1397145.html,6,33,8,14,4,0.396552,0.422968,101.03673
1185961,,,游族网络,,https://data.cyzone.cn/capital/1185961.html,4,33,3,7,5,0.351495,0.369219,16.65307
1398044,,,中汇金,,https://data.cyzone.cn/capital/1398044.html,5,33,10,15,4,0.373852,0.399181,288.665011
1136909,,,昆仑万维,,https://data.cyzone.cn/capital/1136909.html,9,33,9,18,4,0.415881,0.442817,66.45999
1404838,,,安徽省高新投,,https://data.cyzone.cn/capital/1404838.html,1,32,3,4,6,0.297525,0.309294,5.184306
1399942,,,朗科投资,,https://data.cyzone.cn/capital/1399942.html,6,32,7,13,4,0.36609,0.387996,73.001367
1394508,,,杭州好望角投资管理有限公司,,https://data.cyzone.cn/capital/1394508.html,4,32,2,6,5,0.332495,0.346282,13.988047
1408577,,,中海投资,,https://data.cyzone.cn/capital/1408577.html,6,32,5,11,4,0.362826,0.384688,134.567912
1395928,,,东方汇富,,https://data.cyzone.cn/capital/1395928.html,5,32,6,11,5,0.390694,0.415154,79.901387
1393736,,,正轩投资,,https://data.cyzone.cn/capital/1393736.html,3,32,6,9,5,0.362826,0.383648,28.184815
1399126,,,合一资本,,https://data.cyzone.cn/capital/1399126.html,8,32,7,15,5,0.379484,0.4046,217.215378
1394619,,,零一创投,,https://data.cyzone.cn/capital/1394619.html,9,32,8,17,4,0.404434,0.433365,285.427147
1409175,,,辰海资本,,https://data.cyzone.cn/capital/1409175.html,13,32,13,26,4,0.425926,0.457309,306.53611
3006448,,,百度风投,,https://data.cyzone.cn/capital/3006448.html,15,32,19,34,4,0.425241,0.462193,611.976882
3019756,,,天神娱乐,,https://data.cyzone.cn/capital/3019756.html,10,32,5,15,4,0.396552,0.42281,267.094516
1395730,,,挑战者资本,,https://data.cyzone.cn/capital/1395730.html,7,32,7,14,4,0.386131,0.412728,70.05625
1399600,,,常州高新投,,https://data.cyzone.cn/capital/1399600.html,4,32,8,12,5,0.373324,0.395148,34.274021
1160314,,,优客工场,,https://data.cyzone.cn/capital/1160314.html,5,32,4,9,4,0.362329,0.383585,35.526939
3142670,,,和盟创投,,https://data.cyzone.cn/capital/3142670.html,7,32,5,12,4,0.350563,0.372873,79.506496
1395575,,,泰达科投,,https://data.cyzone.cn/capital/1395575.html,5,32,8,13,5,0.388114,0.412634,97.568569
1393471,,,光信资本,,https://data.cyzone.cn/capital/1393471.html,11,32,14,25,4,0.418182,0.449748,95.821321
3019767,,,天使投资人王刚,,https://data.cyzone.cn/capital/3019767.html,13,32,13,26,4,0.421514,0.452426,205.390503
1405093,,,建信资本,,https://data.cyzone.cn/capital/1405093.html,1,32,9,10,4,0.401061,0.424543,136.667364
3536758,,,西部资本,,https://data.cyzone.cn/capital/3536758.html,7,32,11,18,5,0.402281,0.430592,227.832289
1393244,,,红点创投,,https://data.cyzone.cn/capital/1393244.html,13,31,18,31,4,0.423539,0.456837,113.24804
1393357,,,云启资本,,https://data.cyzone.cn/capital/1393357.html,19,31,24,43,4,0.455642,0.492439,329.52966
1399548,,,嘉实资本,,https://data.cyzone.cn/capital/1399548.html,1,31,7,8,5,0.346431,0.363705,55.611985
1396005,,,创新谷Innovalley,,https://data.cyzone.cn/capital/1396005.html,7,31,13,20,4,0.385569,0.415721,127.55365
1401835,,,易津资本,,https://data.cyzone.cn/capital/1401835.html,3,31,4,7,5,0.361833,0.381033,15.324158
1399236,,,温氏投资,,https://data.cyzone.cn/capital/1399236.html,4,31,4,8,5,0.356469,0.37574,48.301931
1394797,,,水木资本,,https://data.cyzone.cn/capital/1394797.html,6,31,8,14,4,0.377318,0.402489,50.488866
3266332,,,海邦投资,,https://data.cyzone.cn/capital/3266332.html,5,31,5,10,5,0.347569,0.366541,74.043876
1393645,,,武岳峰资本,,https://data.cyzone.cn/capital/1393645.html,5,31,6,11,5,0.349636,0.369912,105.100829
1395530,,,翊翎资本,,https://data.cyzone.cn/capital/1395530.html,8,31,4,12,4,0.394776,0.420605,148.324598
1394801,,,浙江浙大友创投资管理有限公司,,https://data.cyzone.cn/capital/1394801.html,3,31,2,5,5,0.317909,0.332262,8.568984
3010488,,,芳晟基金,,https://data.cyzone.cn/capital/3010488.html,9,31,6,15,4,0.396849,0.424071,140.730372
3016490,,,龙城英才创业投资引导基金,,https://data.cyzone.cn/capital/3016490.html,3,31,7,10,4,0.380302,0.402962,64.299345
1400436,,,招商局创投,,https://data.cyzone.cn/capital/1400436.html,12,30,8,20,4,0.407864,0.438406,106.687589
1402053,,,嘉道谷投资,,https://data.cyzone.cn/capital/1402053.html,5,30,7,12,4,0.385569,0.410838,40.428773
3008288,,,中国农发重点建设基金,,https://data.cyzone.cn/capital/3008288.html,2,30,2,4,6,0.264765,0.274638,9.82696
1131334,,,爱奇艺,,https://data.cyzone.cn/capital/1131334.html,7,30,2,9,5,0.360109,0.381884,21.064423
3018903,,,上投摩根,,https://data.cyzone.cn/capital/3018903.html,4,30,2,6,5,0.313389,0.330687,8.05798
1398761,,,中民投,,https://data.cyzone.cn/capital/1398761.html,3,30,9,12,4,0.380302,0.403907,60.15144
1393693,,,愉悦资本,,https://data.cyzone.cn/capital/1393693.html,20,30,16,36,4,0.434675,0.470227,271.665599
1395515,,,盈信资本,,https://data.cyzone.cn/capital/1395515.html,7,30,7,14,4,0.378127,0.402962,44.772785
1154902,,,华策影视,,https://data.cyzone.cn/capital/1154902.html,5,30,4,9,4,0.370448,0.391462,26.447569
1151324,,,创客总部,,https://data.cyzone.cn/capital/1151324.html,6,30,11,17,4,0.386131,0.412886,309.315811
1395301,,,湖南海捷投资有限公司,,https://data.cyzone.cn/capital/1395301.html,4,30,5,9,5,0.348945,0.36695,136.360272
1402306,,,壹诺创投,,https://data.cyzone.cn/capital/1402306.html,5,30,7,12,5,0.343284,0.365186,197.482365
1404031,,,海南控股,,https://data.cyzone.cn/capital/1404031.html,2,30,2,4,6,0.260591,0.269156,10.493026
1393506,,,海汇投资,,https://data.cyzone.cn/capital/1393506.html,7,30,4,11,4,0.381124,0.404064,543.08396
1402873,,,国药资本,,https://data.cyzone.cn/capital/1402873.html,8,30,5,13,4,0.40661,0.431317,69.561125
1394530,,,中国文化产业投资基金,,https://data.cyzone.cn/capital/1394530.html,10,30,4,14,4,0.399849,0.425646,165.451909
1394204,,,华闻传媒,,https://data.cyzone.cn/capital/1394204.html,2,30,4,6,5,0.315444,0.332735,164.256769
1393579,,,秉鸿资本,,https://data.cyzone.cn/capital/1393579.html,5,30,2,7,4,0.362081,0.382325,12.360457
1394744,,,伯乐纵横投资,,https://data.cyzone.cn/capital/1394744.html,6,30,6,12,4,0.38389,0.406427,16.419673
1397231,,,网易资本,,https://data.cyzone.cn/capital/1397231.html,6,29,4,10,5,0.388971,0.413485,34.696553
3008223,,,中国国新,,https://data.cyzone.cn/capital/3008223.html,1,29,8,9,5,0.345752,0.36528,72.200459
1395763,,,融玺创投,,https://data.cyzone.cn/capital/1395763.html,4,29,6,10,5,0.342173,0.359704,215.455012
1399552,,,北汽产投,,https://data.cyzone.cn/capital/1399552.html,6,29,6,12,4,0.386979,0.411311,222.912883
1159377,,,联想控股,,https://data.cyzone.cn/capital/1159377.html,2,29,7,9,5,0.374381,0.397101,20.235033
3536341,,,国投创新,,https://data.cyzone.cn/capital/3536341.html,6,29,5,11,5,0.358644,0.379679,41.311232
1393336,,,海达投资,,https://data.cyzone.cn/capital/1393336.html,7,29,6,13,4,0.389543,0.413831,98.162613
3275476,,,华软资本,,https://data.cyzone.cn/capital/3275476.html,6,29,4,10,5,0.390983,0.414209,43.604201
1393646,,,协立投资,,https://data.cyzone.cn/capital/1393646.html,7,29,6,13,4,0.380302,0.405009,105.742747
1397958,,,澎湃资本,,https://data.cyzone.cn/capital/1397958.html,2,29,3,5,5,0.352902,0.371172,0.691451
1394680,,,上海乐奕创业投资中心(有限合伙),,https://data.cyzone.cn/capital/1394680.html,1,29,2,3,5,0.314694,0.325866,0
1395573,,,知卓资本,,https://data.cyzone.cn/capital/1395573.html,3,29,5,8,5,0.359375,0.380939,64.965189
3012667,,,恒健投资,,https://data.cyzone.cn/capital/3012667.html,2,28,2,4,5,0.311727,0.323503,0
3233582,,,顺丰控股,,https://data.cyzone.cn/capital/3233582.html,6,28,5,11,4,0.391272,0.416352,58.722196
1394978,,,汉富控股,,https://data.cyzone.cn/capital/1394978.html,7,28,9,16,4,0.403509,0.431159,80.214755
1394514,,,汉能投资,,https://data.cyzone.cn/capital/1394514.html,11,28,9,20,4,0.420843,0.449275,626.983987
1394540,,,真顺基金,,https://data.cyzone.cn/capital/1394540.html,6,28,10,16,4,0.405054,0.43305,37.734382
1401709,,,天亿投资,,https://data.cyzone.cn/capital/1401709.html,2,28,5,7,5,0.341511,0.359515,18.126307
1131713,,,美团点评,,https://data.cyzone.cn/capital/1131713.html,12,28,6,18,4,0.40881,0.437618,154.442076
1394833,,,青锐创投,,https://data.cyzone.cn/capital/1394833.html,9,28,6,15,4,0.373324,0.398078,173.851936
1393432,,,集结号资本,,https://data.cyzone.cn/capital/1393432.html,15,28,10,25,5,0.40881,0.440044,377.407796
1395446,,,博将资本,,https://data.cyzone.cn/capital/1395446.html,6,28,11,17,4,0.396255,0.425331,112.64399
1395144,,,顺融资本,,https://data.cyzone.cn/capital/1395144.html,6,28,5,11,4,0.38085,0.404222,86.617029
1393610,,,星瀚资本,,https://data.cyzone.cn/capital/1393610.html,9,28,7,16,4,0.385288,0.413201,67.81313
1394664,,,礼来亚洲基金,,https://data.cyzone.cn/capital/1394664.html,13,28,9,22,5,0.418513,0.448393,133.730053
3235987,,,中国交建,,https://data.cyzone.cn/capital/3235987.html,2,28,5,7,5,0.316956,0.329994,60.332141
3536381,,,弘毅投资,,https://data.cyzone.cn/capital/3536381.html,8,28,10,18,4,0.406923,0.435413,248.978246
3536779,,,新希望集团,,https://data.cyzone.cn/capital/3536779.html,4,28,4,8,4,0.366852,0.386894,30.129726
3006521,,,抱团创投,,https://data.cyzone.cn/capital/3006521.html,3,27,7,10,5,0.358887,0.378135,23.119595
1399134,,,邦明资本,,https://data.cyzone.cn/capital/1399134.html,1,27,6,7,5,0.357432,0.374354,144.486908
1393642,,,君润资本,,https://data.cyzone.cn/capital/1393642.html,6,27,3,9,5,0.33187,0.348803,27.418733
1394520,,,北软天使基金,,https://data.cyzone.cn/capital/1394520.html,6,27,15,21,4,0.402281,0.433837,147.920199
3017450,,,普思资本,,https://data.cyzone.cn/capital/3017450.html,5,27,8,13,4,0.389831,0.414934,71.603103
1394679,,,暴龙投资,,https://data.cyzone.cn/capital/1394679.html,6,27,6,12,5,0.357191,0.376938,31.527504
1147672,,,华谊兄弟,,https://data.cyzone.cn/capital/1147672.html,7,27,8,15,4,0.376512,0.401229,92.411401
3536625,,,青山资本,,https://data.cyzone.cn/capital/3536625.html,3,27,9,12,4,0.383611,0.408633,16.669937
3222643,,,启迪控股,,https://data.cyzone.cn/capital/3222643.html,3,27,3,6,5,0.337803,0.352615,12.077902
1393505,,,陶石资本,,https://data.cyzone.cn/capital/1393505.html,5,27,3,8,5,0.326745,0.342281,325.73395
1402223,,,联新资本,,https://data.cyzone.cn/capital/1402223.html,11,27,6,17,4,0.394188,0.419502,198.675822
3236662,,,光大证券,,https://data.cyzone.cn/capital/3236662.html,14,27,9,23,4,0.389831,0.419502,185.657837
1137725,,,天天投,,https://data.cyzone.cn/capital/1137725.html,8,27,7,15,4,0.380029,0.405167,105.42405
1409337,,,凯辉基金,,https://data.cyzone.cn/capital/1409337.html,10,27,5,15,4,0.405364,0.432892,53.529623
1394183,,,合鲸资本,,https://data.cyzone.cn/capital/1394183.html,5,27,6,11,4,0.399245,0.424386,6.389862
1394575,,,之初创投,,https://data.cyzone.cn/capital/1394575.html,1,27,2,3,5,0.295696,0.30649,0
3102619,,,中科创客学院,,https://data.cyzone.cn/capital/3102619.html,2,27,1,3,6,0.255803,0.262067,0
1403262,,,长策投资,,https://data.cyzone.cn/capital/1403262.html,5,26,4,9,4,0.377857,0.399653,44.536532
1395394,,,荷多资本,,https://data.cyzone.cn/capital/1395394.html,16,26,8,24,4,0.418513,0.448488,205.417196
1406817,,,聚源资本,,https://data.cyzone.cn/capital/1406817.html,8,26,7,15,4,0.400151,0.425961,111.861924
3222750,,,协同创新,,https://data.cyzone.cn/capital/3222750.html,4,26,4,8,5,0.346204,0.363863,44.013038
3008927,,,中信国安集团,,https://data.cyzone.cn/capital/3008927.html,3,26,4,7,5,0.342839,0.359704,25.92184
1395554,,,中钰资本,,https://data.cyzone.cn/capital/1395554.html,2,26,2,4,5,0.316956,0.328954,0.630243
1399389,,,中金资本,,https://data.cyzone.cn/capital/1399389.html,6,26,9,15,4,0.399245,0.426906,145.200506
1393518,,,博派资本,,https://data.cyzone.cn/capital/1393518.html,6,26,5,11,5,0.369413,0.393415,35.556872
1393583,,,国泰创投,,https://data.cyzone.cn/capital/1393583.html,5,26,3,8,4,0.384448,0.406585,83.830537
1395419,,,尚势资本,,https://data.cyzone.cn/capital/1395419.html,7,26,10,17,4,0.390406,0.418872,73.212376
1397108,,,全国社保基金,,https://data.cyzone.cn/capital/1397108.html,4,26,1,5,5,0.312833,0.327221,2.389799
3008725,,,中融国际信托,,https://data.cyzone.cn/capital/3008725.html,2,26,3,5,5,0.29786,0.312634,13.735579
1408696,,,京育基金,,https://data.cyzone.cn/capital/1408696.html,2,26,5,7,4,0.349636,0.368463,56.273837
1400947,,,科力投资,,https://data.cyzone.cn/capital/1400947.html,2,26,2,4,5,0.34129,0.35482,0.250594
3007382,,,张家港金茂创投,,https://data.cyzone.cn/capital/3007382.html,2,26,2,4,5,0.315068,0.327757,0
1395365,,,国家集成电路产业投资基金,,https://data.cyzone.cn/capital/1395365.html,7,26,6,13,5,0.361092,0.382073,108.783083
1399544,,,正海资本,,https://data.cyzone.cn/capital/1399544.html,5,26,5,10,5,0.377587,0.399401,45.581409
1395314,,,辰德资本,,https://data.cyzone.cn/capital/1395314.html,10,26,9,19,5,0.396552,0.424921,68.362372
1394816,,,元生创投,,https://data.cyzone.cn/capital/1394816.html,5,25,6,11,4,0.395366,0.420605,21.77703
1395813,,,丹华资本,,https://data.cyzone.cn/capital/1395813.html,9,25,9,18,4,0.415228,0.443919,109.053886
1393649,,,盛宇投资,,https://data.cyzone.cn/capital/1393649.html,4,25,4,8,4,0.370708,0.391462,16.288952
1508357,,,千骥资本,,https://data.cyzone.cn/capital/1508357.html,8,25,6,14,5,0.385288,0.411846,172.424535
1395947,,,清华控股有限公司,,https://data.cyzone.cn/capital/1395947.html,2,25,7,9,5,0.348715,0.366541,39.114566
1403994,,,马力创投,,https://data.cyzone.cn/capital/1403994.html,6,25,5,11,4,0.369156,0.392407,80.901036
1396003,,,上海创业接力基金,,https://data.cyzone.cn/capital/1396003.html,1,25,4,5,5,0.279303,0.291588,2.394112
3015302,,,久银投资,,https://data.cyzone.cn/capital/3015302.html,5,25,3,8,5,0.343506,0.358601,906.511985
3536408,,,华软投资,,https://data.cyzone.cn/capital/3536408.html,7,25,9,16,4,0.40881,0.435728,176.523623
1393247,,,江苏高投,,https://data.cyzone.cn/capital/1393247.html,5,25,4,9,4,0.354795,0.371456,14.656323
1395975,,,创享投资,,https://data.cyzone.cn/capital/1395975.html,8,25,12,20,4,0.426957,0.455577,269.191731
1561035,,,中国石油化工,,https://data.cyzone.cn/capital/1561035.html,3,25,3,6,5,0.340851,0.356616,26.139632
1393553,,,汉理资本,,https://data.cyzone.cn/capital/1393553.html,10,25,11,21,4,0.420509,0.44959,328.830667
1393487,,,浅石创投,,https://data.cyzone.cn/capital/1393487.html,4,25,6,10,4,0.383333,0.407215,113.935754
1403533,,,同方厚持,,https://data.cyzone.cn/capital/1403533.html,4,25,4,8,5,0.361833,0.381443,67.395738
1395560,,,创世伙伴资本,,https://data.cyzone.cn/capital/1395560.html,9,25,6,15,4,0.408494,0.435413,23.884582
1394829,,,汇财私人资本,,https://data.cyzone.cn/capital/1394829.html,4,25,5,9,5,0.37571,0.398929,18.745651
1394625,,,紫牛基金,,https://data.cyzone.cn/capital/1394625.html,6,25,7,13,4,0.391562,0.416037,58.129211
1131284,,,恺英网络,,https://data.cyzone.cn/capital/1131284.html,2,24,3,5,5,0.312463,0.325299,3.118573
1394796,,,乔景资本,,https://data.cyzone.cn/capital/1394796.html,9,24,6,15,4,0.386979,0.412571,310.774847
3107961,,,东兴证券,,https://data.cyzone.cn/capital/3107961.html,6,24,9,15,5,0.344625,0.367265,13.025959
1397781,,,欢聚时代,,https://data.cyzone.cn/capital/1397781.html,6,24,4,10,5,0.38585,0.409641,37.039624
3005608,,,青橙资本,,https://data.cyzone.cn/capital/3005608.html,5,24,11,16,4,0.422524,0.448803,76.663748
3008469,,,中节能集团,,https://data.cyzone.cn/capital/3008469.html,2,24,3,5,6,0.328367,0.343699,7.876064
1394607,,,中关村兴业投资,,https://data.cyzone.cn/capital/1394607.html,4,24,6,10,5,0.381674,0.405608,21.654212
1400620,,,鼎兴量子,,https://data.cyzone.cn/capital/1400620.html,7,24,11,18,4,0.392725,0.420447,250.084048
1403393,,,喔赢资本,,https://data.cyzone.cn/capital/1403393.html,3,24,10,13,4,0.346204,0.366415,48.827244
1395426,,,德联资本,,https://data.cyzone.cn/capital/1395426.html,8,24,9,17,5,0.395366,0.425142,120.148684
1394713,,,上海久奕投资管理有限公司,,https://data.cyzone.cn/capital/1394713.html,5,24,8,13,4,0.378669,0.401859,68.941959
1402133,,,StarVC,,https://data.cyzone.cn/capital/1402133.html,7,24,4,11,5,0.383333,0.408381,36.430532
1157941,,,用友,,https://data.cyzone.cn/capital/1157941.html,4,24,4,8,5,0.347798,0.365217,13.586187
1395976,,,云天使基金,,https://data.cyzone.cn/capital/1395976.html,8,24,5,13,4,0.400758,0.425173,17.156375
1397860,,,东方明珠,,https://data.cyzone.cn/capital/1397860.html,2,24,4,6,5,0.373061,0.392313,12.319691
3107430,,,东吴证券,,https://data.cyzone.cn/capital/3107430.html,7,24,11,18,5,0.367106,0.392848,62.526217
3012275,,,航天投资,,https://data.cyzone.cn/capital/3012275.html,2,23,2,4,5,0.313018,0.324858,0.67334
1395460,,,磐霖资本,,https://data.cyzone.cn/capital/1395460.html,4,23,10,14,4,0.382225,0.406742,72.025306
3019438,,,四川发展,,https://data.cyzone.cn/capital/3019438.html,2,23,4,6,5,0.340631,0.354978,10.685878
1394512,,,立思辰,,https://data.cyzone.cn/capital/1394512.html,2,23,2,4,5,0.343061,0.358696,0.114339
3536497,,,金葵花资本,,https://data.cyzone.cn/capital/3536497.html,3,23,5,8,5,0.338885,0.354348,69.520227
1393576,,,大河创投,,https://data.cyzone.cn/capital/1393576.html,4,23,7,11,5,0.362329,0.385444,74.56758
1395509,,,昆仲资本,,https://data.cyzone.cn/capital/1395509.html,15,23,11,26,4,0.415228,0.450221,144.960584
1399508,,,十方创投,,https://data.cyzone.cn/capital/1399508.html,3,23,5,8,4,0.384168,0.407215,6.690225
1504009,,,银河系创投,,https://data.cyzone.cn/capital/1504009.html,4,23,5,9,5,0.373852,0.397038,10.711653
3006800,,,成都技术转移集团,,https://data.cyzone.cn/capital/3006800.html,1,23,6,7,5,0.338885,0.354096,20.49901
1393450,,,海通创意资本,,https://data.cyzone.cn/capital/1393450.html,5,23,7,12,4,0.375444,0.399338,78.324152
1131270,,,完美世界,,https://data.cyzone.cn/capital/1131270.html,3,23,7,10,4,0.388685,0.412728,35.830225
1393836,,,上海伯藜投资管理有限公司,,https://data.cyzone.cn/capital/1393836.html,7,23,8,15,4,0.360846,0.386421,225.004923
3016452,,,领军创投,,https://data.cyzone.cn/capital/3016452.html,2,23,1,3,6,0.251785,0.258129,0
1397917,,,中和资本,,https://data.cyzone.cn/capital/1397917.html,3,23,2,5,5,0.298533,0.312728,28.677666
1393586,,,雷雨资本,,https://data.cyzone.cn/capital/1393586.html,4,23,9,13,5,0.368641,0.392155,117.699469
1198241,,,普洛斯,,https://data.cyzone.cn/capital/1198241.html,5,23,5,10,5,0.378398,0.401134,22.352489
1393493,,,杉杉创投,,https://data.cyzone.cn/capital/1393493.html,2,23,7,9,5,0.374911,0.396566,68.137119
1394871,,,高捷资本,,https://data.cyzone.cn/capital/1394871.html,8,23,8,16,4,0.413604,0.440296,57.049715
1394636,,,淡马锡,,https://data.cyzone.cn/capital/1394636.html,12,23,11,23,5,0.405364,0.436421,44.546859
1393856,,,维思资本,,https://data.cyzone.cn/capital/1393856.html,3,23,6,9,4,0.375444,0.397606,34.69447
1395630,,,安元基金,,https://data.cyzone.cn/capital/1395630.html,4,23,1,5,5,0.34485,0.359231,4.123499
1395393,,,高樟资本,,https://data.cyzone.cn/capital/1395393.html,2,23,3,5,5,0.350099,0.36695,2.593742
1393557,,,华登国际,,https://data.cyzone.cn/capital/1393557.html,10,23,7,17,4,0.421178,0.448645,87.41823
1408321,,,Plug and Play Ch...,,https://data.cyzone.cn/capital/1408321.html,1,23,6,7,5,0.3363,0.351355,557.404528
1393504,,,澳银资本,,https://data.cyzone.cn/capital/1393504.html,5,23,9,14,4,0.404744,0.430057,58.935775
1399534,,,国金证券,,https://data.cyzone.cn/capital/1399534.html,7,23,9,16,5,0.370968,0.395306,79.033171
1397175,,,金茂资本,,https://data.cyzone.cn/capital/1397175.html,5,22,5,10,5,0.370708,0.391997,30.73739
3536295,,,富士康,,https://data.cyzone.cn/capital/3536295.html,9,22,11,20,5,0.416864,0.446345,109.552335
1397167,,,华兴新经济基金,,https://data.cyzone.cn/capital/1397167.html,10,22,11,21,5,0.411353,0.440832,97.012983
3017746,,,前海开源,,https://data.cyzone.cn/capital/3017746.html,4,22,5,9,5,0.362329,0.381979,30.768689
3096436,,,启明星辰,,https://data.cyzone.cn/capital/3096436.html,1,22,4,5,5,0.329185,0.343069,5.08504
1400596,,,朗程资本,,https://data.cyzone.cn/capital/1400596.html,4,22,9,13,5,0.367106,0.39017,87.953819
3024106,,,用友幸福投资,,https://data.cyzone.cn/capital/3024106.html,5,22,9,14,4,0.399245,0.423598,62.639411
1394561,,,天奇创投,,https://data.cyzone.cn/capital/1394561.html,3,22,1,4,5,0.308275,0.320699,1.176373
3017480,,,七匹狼创投,,https://data.cyzone.cn/capital/3017480.html,3,22,2,5,5,0.334598,0.348173,2.739494
1191486,,,华兴资本,,https://data.cyzone.cn/capital/1191486.html,6,22,18,24,4,0.436469,0.464083,95.009428
1403001,,,亦庄国投,,https://data.cyzone.cn/capital/1403001.html,3,22,3,6,5,0.359131,0.376087,15.476794
1395606,,,极豆资本,,https://data.cyzone.cn/capital/1395606.html,2,22,2,4,5,0.311727,0.323503,0
1402606,,,IDH创展谷,,https://data.cyzone.cn/capital/1402606.html,2,22,2,4,5,0.315444,0.326749,9.803984
1402422,,,盈富泰克,,https://data.cyzone.cn/capital/1402422.html,7,22,9,16,4,0.390694,0.416667,465.493742
1399892,,,正和岛投资,,https://data.cyzone.cn/capital/1399892.html,4,22,14,18,4,0.424559,0.452426,294.976857
1400797,,,深投控,,https://data.cyzone.cn/capital/1400797.html,3,22,3,6,5,0.360354,0.37782,4.503126
1401877,,,苏大天宫创投,,https://data.cyzone.cn/capital/1401877.html,2,22,5,7,4,0.357432,0.376497,9.465523
1147752,,,聚募网,,https://data.cyzone.cn/capital/1147752.html,2,22,5,7,5,0.307201,0.321109,531.774689
1393512,,,起源资本,,https://data.cyzone.cn/capital/1393512.html,2,22,9,11,4,0.379756,0.404537,56.498131
3536124,,,掌门科技,,https://data.cyzone.cn/capital/3536124.html,4,22,1,5,5,0.350331,0.368526,1.842002
1399071,,,光大资本,,https://data.cyzone.cn/capital/1399071.html,6,22,6,12,4,0.374646,0.397606,63.73044
3021556,,,鑫元基金,,https://data.cyzone.cn/capital/3021556.html,1,22,2,3,5,0.348026,0.361122,0
1393857,,,远镜创投,,https://data.cyzone.cn/capital/1393857.html,8,22,9,17,4,0.395662,0.422653,102.747642
1402558,,,追远创投,,https://data.cyzone.cn/capital/1402558.html,3,22,5,8,4,0.35575,0.376024,29.523154
1401432,,,微光创投,,https://data.cyzone.cn/capital/1401432.html,14,22,12,26,4,0.419176,0.452899,151.197682
1393444,,,易车网,,https://data.cyzone.cn/capital/1393444.html,7,22,6,13,4,0.396255,0.421708,138.250928
1394880,,,山行资本,,https://data.cyzone.cn/capital/1394880.html,6,22,7,13,4,0.381399,0.407372,53.39808
1395765,,,招商银行,,https://data.cyzone.cn/capital/1395765.html,5,22,7,12,4,0.395958,0.420605,69.419943
3015621,,,开来资本,,https://data.cyzone.cn/capital/3015621.html,2,21,2,4,6,0.28641,0.296156,1.721497
3019685,,,天津长城基金,,https://data.cyzone.cn/capital/3019685.html,2,21,3,5,5,0.305075,0.318021,10.225069
1401009,,,众合创投,,https://data.cyzone.cn/capital/1401009.html,3,21,2,5,5,0.315821,0.328513,5.364976
1393541,,,乐搏资本,,https://data.cyzone.cn/capital/1393541.html,6,21,7,13,4,0.392433,0.417927,134.1977
1394813,,,知初资本,,https://data.cyzone.cn/capital/1394813.html,6,21,6,12,5,0.386413,0.412539,50.821027
1405394,,,中国诚通,,https://data.cyzone.cn/capital/1405394.html,2,21,6,8,5,0.34129,0.358822,40.16022
1393490,,,乐游资本,,https://data.cyzone.cn/capital/1393490.html,1,21,7,8,5,0.360846,0.381664,13.09312
1393688,,,晨晖创投,,https://data.cyzone.cn/capital/1393688.html,4,21,10,14,4,0.379756,0.407057,72.788642
1131269,,,新东方,,https://data.cyzone.cn/capital/1131269.html,5,21,8,13,5,0.382502,0.40712,34.891549
1393697,,,中大创投,,https://data.cyzone.cn/capital/1393697.html,1,21,2,3,5,0.317527,0.330718,0
1399466,,,六禾创投,,https://data.cyzone.cn/capital/1399466.html,5,21,4,9,5,0.348255,0.367391,61.673095
1395806,,,不惑创投,,https://data.cyzone.cn/capital/1395806.html,5,21,9,14,4,0.393309,0.420132,8.927054
1139231,,,京东,,https://data.cyzone.cn/capital/1139231.html,5,21,4,9,5,0.358644,0.378765,18.998736
3005561,,,阿里巴巴创业者基金,,https://data.cyzone.cn/capital/3005561.html,3,21,1,4,5,0.301253,0.312823,1.985843
1401537,,,拙朴投资,,https://data.cyzone.cn/capital/1401537.html,7,21,2,9,4,0.373852,0.396503,48.847497
3317610,,,新龙脉资本,,https://data.cyzone.cn/capital/3317610.html,7,21,10,17,5,0.396255,0.423031,142.463262
1408319,,,一创投资,,https://data.cyzone.cn/capital/1408319.html,4,21,13,17,4,0.347113,0.370038,212.588522
1401365,,,DFJ德丰杰中国基金,,https://data.cyzone.cn/capital/1401365.html,5,21,9,14,4,0.405986,0.432262,86.556173
1395972,,,长安私人资本,,https://data.cyzone.cn/capital/1395972.html,4,21,11,15,5,0.391562,0.418147,102.765428
1398919,,,朗盛投资,,https://data.cyzone.cn/capital/1398919.html,3,21,4,7,5,0.340193,0.356837,18.105039
1397979,,,前海人寿保险,,https://data.cyzone.cn/capital/1397979.html,2,21,2,4,6,0.263446,0.272243,3.745543
3335542,,,顺德创业工场,,https://data.cyzone.cn/capital/3335542.html,7,21,5,12,4,0.399849,0.424858,38.103625
3012586,,,河南投资集团,,https://data.cyzone.cn/capital/3012586.html,2,21,2,4,5,0.288441,0.301292,0.781901
3012691,,,恒生电子,,https://data.cyzone.cn/capital/3012691.html,2,21,5,7,4,0.380302,0.400599,13.682875
1175663,,,华安证券,,https://data.cyzone.cn/capital/1175663.html,3,21,8,11,4,0.348026,0.368305,19.370655
1408265,,,凯盈资本,,https://data.cyzone.cn/capital/1408265.html,3,21,12,15,4,0.371489,0.396818,120.273747
3017109,,,南京市产业发展基金,,https://data.cyzone.cn/capital/3017109.html,1,21,3,4,5,0.279156,0.289382,8.592746
1395479,,,零度资本,,https://data.cyzone.cn/capital/1395479.html,1,21,2,3,5,0.296359,0.306112,0
1403911,,,盈峰资本,,https://data.cyzone.cn/capital/1403911.html,5,21,9,14,4,0.40167,0.428009,54.501901
1401641,,,多牛资本,,https://data.cyzone.cn/capital/1401641.html,6,21,4,10,5,0.366597,0.389477,10.396624
1393431,,,挚盈资本,,https://data.cyzone.cn/capital/1393431.html,6,21,7,13,4,0.382225,0.407215,47.109422
1394554,,,嘉御基金,,https://data.cyzone.cn/capital/1394554.html,12,21,4,16,5,0.394482,0.423031,35.358904
1135283,,,中文在线,,https://data.cyzone.cn/capital/1135283.html,8,21,5,13,4,0.365331,0.388941,37.37707
1400654,,,平安财智,,https://data.cyzone.cn/capital/1400654.html,6,21,7,13,5,0.380302,0.403655,59.178237
3006489,,,邦信资产,,https://data.cyzone.cn/capital/3006489.html,2,21,3,5,5,0.313947,0.327914,9.397274
